{
    "Other": 0.14014014014014015,
    "Vaccine Discussion": 0.33433433433433435,
    "Information": 0.25125125125125125,
    "Covid Impact": 0.031031031031031032,
    "Mandate Opinion": 0.0990990990990991,
    "Child Vaccinations": 0.1041041041041041,
    "Political Opinion": 0.04004004004004004
}