{
    "Other": 0.5285714285714286,
    "Vaccine Discussion": 0.5329341317365269,
    "Information": 0.5418326693227091,
    "Covid Impact": 0.4838709677419355,
    "Mandate Opinion": 0.41414141414141414,
    "Child Vaccinations": 0.6442307692307693,
    "Political Opinion": 0.575
}